{
    "loss": [
        2.4986815452575684,
        1.813373327255249,
        1.566533088684082,
        1.4299565553665161,
        1.3355833292007446,
        1.2576969861984253,
        1.1856333017349243,
        1.1115355491638184
    ],
    "sparse_categorical_accuracy": [
        0.10724085569381714,
        0.15418559312820435,
        0.17730356752872467,
        0.19034235179424286,
        0.20051567256450653,
        0.2108708918094635,
        0.22053782641887665,
        0.2315351516008377
    ],
    "val_loss": [
        2.020106554031372,
        1.5213316679000854,
        1.5453979969024658,
        1.304649829864502,
        1.424342393875122,
        1.257737159729004,
        1.4187626838684082,
        1.287644386291504
    ],
    "val_sparse_categorical_accuracy": [
        0.13641755282878876,
        0.14988362789154053,
        0.18048758804798126,
        0.17014651000499725,
        0.1935146600008011,
        0.18016384541988373,
        0.20065262913703918,
        0.1818980574607849
    ]
}